{
  "corr_log_local_ess_vs_abs_normalized_gap": -0.491722092717208,
  "corr_log_global_ess_vs_abs_normalized_gap": -0.3032311075923652,
  "corr_log_q10_local_ess_vs_worst_group_noise": -0.5168567468713496,
  "corr_log_global_ess_vs_worst_group_noise": -0.5999593408614818,
  "within_shift_worst_group_noise_correlations": {
    "oracle:0.4": {
      "corr_log_q10_local_ess": -0.3340260768533464,
      "corr_log_global_ess": -0.13411608095654853
    },
    "oracle:0.8": {
      "corr_log_q10_local_ess": -0.46416010332260144,
      "corr_log_global_ess": -0.27215304341702534
    },
    "oracle:1.2": {
      "corr_log_q10_local_ess": -0.43688172770786343,
      "corr_log_global_ess": -0.293146798906344
    },
    "oracle:1.6": {
      "corr_log_q10_local_ess": -0.3536285294838696,
      "corr_log_global_ess": -0.22987143099461949
    }
  }
}